{"0":"1000","pid":"1000","1":"A-B","title":"A-B","2":"1","time_limit":"1","3":"32768","memory_limit":"32768","4":"<p>Input A and B, output A-B<\/p>","description":"<p>Input A and B, output A-B<\/p>","5":"<p>Input two values, A and B.<\/p>","input":"<p>Input two values, A and B.<\/p>","6":"<p>Output the result of A-B.<\/p>","output":"<p>Output the result of A-B.<\/p>","7":"2 1","sample_input":"2 1","8":"1","sample_output":"1","9":"7253","accepted":"7253","10":"23534","submissions":"23534","11":"0","special_judge":"0","12":"0","has_framework":"0","13":"","author":"","14":"","hint":"","15":"1","avail":"1","16":"0","cid":"0","17":"535","rate_tot":"535","18":"213","rate_count":"213","19":"0","dataversion":"0"}